{
	"mean": [
		7.026606657382406, 2.3760939281143876, 0.8273102547051793,
		16.813911864207174, 7.127211433518363, 58.92720628641624,
		-1.4511561892910148, 2.224913333163428, -9.149362549752032,
		5.383565123221057, 2.5180061887626266, 12.679714083610413,
		-2.066430143704085, 2.5168373653507787, -8.405285412061515,
		5.096477300636087, 5.876650477066663, 40.2360426851085,
		-1.2037729784999145, 27.303392577334442, -75.99239664724092,
		66.50592974724557, 22.227110172217326, 1299.2030715995313,
		-0.7948566570901638, 18.533213697374897, -64.72984201395612,
		43.88239308673951, 12.632215891038362, 663.5242060762375,
		-0.05262682793744881, 23.65620661011521, -62.76562228792323,
		61.80901456275657, 18.96271444070097, 881.5559294023415,
		22.08752516653848, 2.4494002160232244
	],
	"scale": [
		1.098797743148208, 1.6433188662098785, 7.575093233250726,
		8.60985485490989, 1.0570049035094722, 16.39252294249476,
		1.7924829070876378, 1.5528027684686505, 8.763835081453998,
		7.551812319814689, 1.351921798141402, 14.121176242054016,
		4.958331482041405, 2.2464774132424252, 7.237969239675448,
		11.2057202474994, 1.1729202055738261, 14.440840016685762,
		14.221806648888766, 18.708927519294736, 71.39988435526384,
		58.85904001365152, 15.68748115231375, 1465.0712466123055,
		6.5979721078446305, 16.609712196493916, 85.92531717370649,
		40.010779802409466, 9.797949623687815, 1146.8508796755975,
		10.243701402012604, 14.7311226481492, 51.97105013930504,
		46.763570520671635, 12.04304728122623, 948.4098037136254,
		12.604473950655725, 1.8834104699495877
	]
}
